<?xml version="1.0" encoding="UTF-8"?>
<GenRun Id="impl_1" LaunchPart="xc7a100tcsg324-1" LaunchTime="1554744391">
  <File Type="PWROPT-DRC" Name="AllIn_drc_pwropted.rpt"/>
  <File Type="OPT-METHODOLOGY-DRC" Name="AllIn_methodology_drc_opted.rpt"/>
  <File Type="INIT-TIMING" Name="AllIn_timing_summary_init.rpt"/>
  <File Type="ROUTE-PWR-RPX" Name="AllIn_power_routed.rpx"/>
  <File Type="PA-TCL" Name="AllIn.tcl"/>
  <File Type="OPT-HWDEF" Name="AllIn.hwdef"/>
  <File Type="RDI-RDI" Name="AllIn.vdi"/>
  <File Type="OPT-DCP" Name="AllIn_opt.dcp"/>
  <File Type="OPT-DRC" Name="AllIn_drc_opted.rpt"/>
  <File Type="OPT-TIMING" Name="AllIn_timing_summary_opted.rpt"/>
  <File Type="PWROPT-DCP" Name="AllIn_pwropt.dcp"/>
  <File Type="PWROPT-TIMING" Name="AllIn_timing_summary_pwropted.rpt"/>
  <File Type="PLACE-DCP" Name="AllIn_placed.dcp"/>
  <File Type="PLACE-IO" Name="AllIn_io_placed.rpt"/>
  <File Type="PLACE-CLK" Name="AllIn_clock_utilization_placed.rpt"/>
  <File Type="PLACE-UTIL" Name="AllIn_utilization_placed.rpt"/>
  <File Type="PLACE-UTIL-PB" Name="AllIn_utilization_placed.pb"/>
  <File Type="PLACE-CTRL" Name="AllIn_control_sets_placed.rpt"/>
  <File Type="PLACE-SIMILARITY" Name="AllIn_incremental_reuse_placed.rpt"/>
  <File Type="PLACE-PRE-SIMILARITY" Name="AllIn_incremental_reuse_pre_placed.rpt"/>
  <File Type="PLACE-TIMING" Name="AllIn_timing_summary_placed.rpt"/>
  <File Type="POSTPLACE-PWROPT-DCP" Name="AllIn_postplace_pwropt.dcp"/>
  <File Type="POSTPLACE-PWROPT-TIMING" Name="AllIn_timing_summary_postplace_pwropted.rpt"/>
  <File Type="PHYSOPT-DCP" Name="AllIn_physopt.dcp"/>
  <File Type="PHYSOPT-DRC" Name="AllIn_drc_physopted.rpt"/>
  <File Type="PHYSOPT-TIMING" Name="AllIn_timing_summary_physopted.rpt"/>
  <File Type="ROUTE-ERROR-DCP" Name="AllIn_routed_error.dcp"/>
  <File Type="ROUTE-DCP" Name="AllIn_routed.dcp"/>
  <File Type="ROUTE-BLACKBOX-DCP" Name="AllIn_routed_bb.dcp"/>
  <File Type="ROUTE-DRC" Name="AllIn_drc_routed.rpt"/>
  <File Type="ROUTE-DRC-PB" Name="AllIn_drc_routed.pb"/>
  <File Type="BG-BIN" Name="AllIn.bin"/>
  <File Type="ROUTE-DRC-RPX" Name="AllIn_drc_routed.rpx"/>
  <File Type="BG-DRC" Name="AllIn.drc"/>
  <File Type="ROUTE-METHODOLOGY-DRC" Name="AllIn_methodology_drc_routed.rpt"/>
  <File Type="BITSTR-MSK" Name="AllIn.msk"/>
  <File Type="ROUTE-METHODOLOGY-DRC-RPX" Name="AllIn_methodology_drc_routed.rpx"/>
  <File Type="BG-BGN" Name="AllIn.bgn"/>
  <File Type="ROUTE-METHODOLOGY-DRC-PB" Name="AllIn_methodology_drc_routed.pb"/>
  <File Type="ROUTE-PWR" Name="AllIn_power_routed.rpt"/>
  <File Type="ROUTE-PWR-SUM" Name="AllIn_power_summary_routed.pb"/>
  <File Type="ROUTE-STATUS" Name="AllIn_route_status.rpt"/>
  <File Type="ROUTE-STATUS-PB" Name="AllIn_route_status.pb"/>
  <File Type="ROUTE-TIMINGSUMMARY" Name="AllIn_timing_summary_routed.rpt"/>
  <File Type="ROUTE-TIMING-PB" Name="AllIn_timing_summary_routed.pb"/>
  <File Type="ROUTE-TIMING-RPX" Name="AllIn_timing_summary_routed.rpx"/>
  <File Type="ROUTE-SIMILARITY" Name="AllIn_incremental_reuse_routed.rpt"/>
  <File Type="ROUTE-CLK" Name="AllIn_clock_utilization_routed.rpt"/>
  <File Type="POSTROUTE-PHYSOPT-DCP" Name="AllIn_postroute_physopt.dcp"/>
  <File Type="POSTROUTE-PHYSOPT-BLACKBOX-DCP" Name="AllIn_postroute_physopt_bb.dcp"/>
  <File Type="POSTROUTE-PHYSOPT-TIMING" Name="AllIn_timing_summary_postroute_physopted.rpt"/>
  <File Type="POSTROUTE-PHYSOPT-TIMING-PB" Name="AllIn_timing_summary_postroute_physopted.pb"/>
  <File Type="POSTROUTE-PHYSOPT-TIMING-RPX" Name="AllIn_timing_summary_postroute_physopted.rpx"/>
  <File Type="BG-BIT" Name="AllIn.bit"/>
  <File Type="BITSTR-RBT" Name="AllIn.rbt"/>
  <File Type="BITSTR-NKY" Name="AllIn.nky"/>
  <File Type="BITSTR-BMM" Name="AllIn_bd.bmm"/>
  <File Type="BITSTR-MMI" Name="AllIn.mmi"/>
  <File Type="BITSTR-SYSDEF" Name="AllIn.sysdef"/>
  <File Type="WBT-USG" Name="usage_statistics_webtalk.html"/>
  <FileSet Name="sources" Type="DesignSrcs" RelSrcDir="$PSRCDIR/sources_1">
    <Filter Type="Srcs"/>
    <File Path="$PPRDIR/../duplicated/SPI_If.vhd">
      <FileInfo>
        <Attr Name="UsedIn" Val="synthesis"/>
        <Attr Name="UsedIn" Val="simulation"/>
      </FileInfo>
    </File>
    <File Path="$PPRDIR/../duplicated/pong_package.vhd">
      <FileInfo>
        <Attr Name="UsedIn" Val="synthesis"/>
        <Attr Name="UsedIn" Val="simulation"/>
      </FileInfo>
    </File>
    <File Path="$PPRDIR/../duplicated/mode.vhd">
      <FileInfo>
        <Attr Name="UsedIn" Val="synthesis"/>
        <Attr Name="UsedIn" Val="simulation"/>
      </FileInfo>
    </File>
    <File Path="$PPRDIR/../duplicated/display.vhd">
      <FileInfo>
        <Attr Name="UsedIn" Val="synthesis"/>
        <Attr Name="UsedIn" Val="simulation"/>
      </FileInfo>
    </File>
    <File Path="$PPRDIR/../duplicated/ADXL362Ctrl.vhd">
      <FileInfo>
        <Attr Name="UsedIn" Val="synthesis"/>
        <Attr Name="UsedIn" Val="simulation"/>
      </FileInfo>
    </File>
    <File Path="$PPRDIR/../duplicated/pad.vhd">
      <FileInfo>
        <Attr Name="UsedIn" Val="synthesis"/>
        <Attr Name="UsedIn" Val="simulation"/>
      </FileInfo>
    </File>
    <File Path="$PPRDIR/../duplicated/monostable.vhd">
      <FileInfo>
        <Attr Name="UsedIn" Val="synthesis"/>
        <Attr Name="UsedIn" Val="simulation"/>
      </FileInfo>
    </File>
    <File Path="$PPRDIR/../duplicated/decor.vhd">
      <FileInfo>
        <Attr Name="UsedIn" Val="synthesis"/>
        <Attr Name="UsedIn" Val="simulation"/>
      </FileInfo>
    </File>
    <File Path="$PPRDIR/../duplicated/brick.vhd">
      <FileInfo>
        <Attr Name="UsedIn" Val="synthesis"/>
        <Attr Name="UsedIn" Val="simulation"/>
      </FileInfo>
    </File>
    <File Path="$PPRDIR/../duplicated/ball.vhd">
      <FileInfo>
        <Attr Name="UsedIn" Val="synthesis"/>
        <Attr Name="UsedIn" Val="simulation"/>
      </FileInfo>
    </File>
    <File Path="$PPRDIR/../duplicated/bounce.vhd">
      <FileInfo>
        <Attr Name="UsedIn" Val="synthesis"/>
        <Attr Name="UsedIn" Val="simulation"/>
      </FileInfo>
    </File>
    <File Path="$PPRDIR/../duplicated/vga.vhd">
      <FileInfo>
        <Attr Name="UsedIn" Val="synthesis"/>
        <Attr Name="UsedIn" Val="simulation"/>
      </FileInfo>
    </File>
    <File Path="$PPRDIR/../duplicated/game.vhd">
      <FileInfo>
        <Attr Name="UsedIn" Val="synthesis"/>
        <Attr Name="UsedIn" Val="simulation"/>
      </FileInfo>
    </File>
    <File Path="$PPRDIR/../duplicated/ClkDiv_5Hz.vhd">
      <FileInfo>
        <Attr Name="UsedIn" Val="synthesis"/>
        <Attr Name="UsedIn" Val="simulation"/>
      </FileInfo>
    </File>
    <File Path="$PPRDIR/../duplicated/ClkDiv25Khz.vhd">
      <FileInfo>
        <Attr Name="UsedIn" Val="synthesis"/>
        <Attr Name="UsedIn" Val="simulation"/>
      </FileInfo>
    </File>
    <File Path="$PPRDIR/../duplicated/ClkDiv.vhd">
      <FileInfo>
        <Attr Name="UsedIn" Val="synthesis"/>
        <Attr Name="UsedIn" Val="simulation"/>
      </FileInfo>
    </File>
    <File Path="$PPRDIR/../duplicated/Clk80Hz.vhd">
      <FileInfo>
        <Attr Name="UsedIn" Val="synthesis"/>
        <Attr Name="UsedIn" Val="simulation"/>
      </FileInfo>
    </File>
    <File Path="$PPRDIR/../duplicated/Accelo.vhd">
      <FileInfo>
        <Attr Name="UsedIn" Val="synthesis"/>
        <Attr Name="UsedIn" Val="simulation"/>
      </FileInfo>
    </File>
    <File Path="$PPRDIR/../duplicated/objects.vhd">
      <FileInfo>
        <Attr Name="UsedIn" Val="synthesis"/>
        <Attr Name="UsedIn" Val="simulation"/>
      </FileInfo>
    </File>
    <File Path="$PSRCDIR/sources_1/new/gest_segment.vhd">
      <FileInfo>
        <Attr Name="UsedIn" Val="synthesis"/>
        <Attr Name="UsedIn" Val="simulation"/>
      </FileInfo>
    </File>
    <File Path="$PPRDIR/../duplicated/AllIn.vhd">
      <FileInfo>
        <Attr Name="UsedIn" Val="synthesis"/>
        <Attr Name="UsedIn" Val="simulation"/>
      </FileInfo>
    </File>
    <File Path="$PPRDIR/../duplicated/binary_to_bcd_digit.vhd">
      <FileInfo>
        <Attr Name="AutoDisabled" Val="1"/>
        <Attr Name="UsedIn" Val="synthesis"/>
        <Attr Name="UsedIn" Val="simulation"/>
      </FileInfo>
    </File>
    <File Path="$PPRDIR/../duplicated/binary_to_bcd.vhd">
      <FileInfo>
        <Attr Name="AutoDisabled" Val="1"/>
        <Attr Name="UsedIn" Val="synthesis"/>
        <Attr Name="UsedIn" Val="simulation"/>
      </FileInfo>
    </File>
    <File Path="$PPRDIR/../duplicated/bcd_to_7seg_display.vhd">
      <FileInfo>
        <Attr Name="AutoDisabled" Val="1"/>
        <Attr Name="UsedIn" Val="synthesis"/>
        <Attr Name="UsedIn" Val="simulation"/>
      </FileInfo>
    </File>
    <File Path="$PPRDIR/../duplicated/seven_segments_v1_0.vhd">
      <FileInfo>
        <Attr Name="AutoDisabled" Val="1"/>
        <Attr Name="UsedIn" Val="synthesis"/>
        <Attr Name="UsedIn" Val="simulation"/>
      </FileInfo>
    </File>
    <File Path="$PSRCDIR/sources_1/new/Bin_To_Int.vhd">
      <FileInfo>
        <Attr Name="AutoDisabled" Val="1"/>
        <Attr Name="UsedIn" Val="synthesis"/>
        <Attr Name="UsedIn" Val="simulation"/>
      </FileInfo>
    </File>
    <Config>
      <Option Name="DesignMode" Val="RTL"/>
      <Option Name="TopModule" Val="AllIn"/>
      <Option Name="TopAutoSet" Val="TRUE"/>
    </Config>
  </FileSet>
  <FileSet Name="constrs_in" Type="Constrs" RelSrcDir="$PSRCDIR/constrs_1">
    <Filter Type="Constrs"/>
    <File Path="$PPRDIR/../duplicated/PicLocV2.xdc">
      <FileInfo>
        <Attr Name="UsedIn" Val="synthesis"/>
        <Attr Name="UsedIn" Val="implementation"/>
      </FileInfo>
    </File>
    <Config>
      <Option Name="ConstrsType" Val="XDC"/>
    </Config>
  </FileSet>
  <Strategy Version="1" Minor="2">
    <StratHandle Name="Vivado Implementation Defaults" Flow="Vivado Implementation 2016"/>
    <Step Id="init_design"/>
    <Step Id="opt_design"/>
    <Step Id="power_opt_design"/>
    <Step Id="place_design"/>
    <Step Id="post_place_power_opt_design"/>
    <Step Id="phys_opt_design"/>
    <Step Id="route_design"/>
    <Step Id="post_route_phys_opt_design"/>
    <Step Id="write_bitstream"/>
  </Strategy>
</GenRun>
